Country,Capital,Area (km2),Population,GDPPC
Abantium,Inhlokodolobha,"213,180","62,000,000",{{No|N/A}}
Adaptus,Novumcastrum,"1,326,602","224,540,000","30,527"
Afropa,Dieudonné,"413,741","15,300,000","6,195"
Ahrana,Moskovo,"545,650","65,900,959","5,000"
Aldace,Sotheris,"411,365","22,374,652","12,564"
Alvernia,Soncinia,"165,016","9,234,678","15,613"
Andalla,Arkhavn,"72,931","28,036,248","23,143"
Arneland,Port Pinella,"253,170","33,535,102","18,341"
Aurora (Eurth),Tavares,"42,346","14,650,803","49,956"
Ayubi,Alhafa,"53,751","1,303,569","68,457"
Bainbridge Islands,Honolulu,"309,613","18,900,000","48,033"
Baltica,Goja,"274,629","14,800,312","11,213"
Bashan,En Gannim,"239,200","8,146,286","24,539"
Burkini,Cronulla,"1,007","55,786",{{No|N/A}}
Centennia Cardina,Verrone,"430,708","24,540,621","13,000"
Charkov,Kovchi,"419,517","22,370,000","14,407"
Cherkessk,Zexkhe,"499,351",22500000,"38,500"
Cristina,Cristina,"1,221","7,453,682","47,306"
Damak Var,Avantine,"529,089","15,500,000","5,120"
Deltannia,Delta,"241,838","5,220,000","12,500"
Denawar,Nanggan,"171,448","21,546,774","23,700"
Dniester,Minsk,"207,600","40,203,000",{{No|N/A}}
Dolchland,Schlammburg,"328,950","29,283,179","9,903"
Duchy of Verde,Porto Verde,"23,262","10,009,200","47,956"
Ealis,Lysina,"285,661","21,085,626","34,000"
Eemsmerschen,Brüggedörp,"670,000","27,833,019","17,800"
Eidolmanta,Taraxippus,"279,687","35,382,902","10,409"
Erisoria,Kaleendamen,"248,184","34,863,517","29,500"
Esonice,Maimedo,"354,835","33,753,193","38,312"
Euandria,Charpesiciun,"125,665","23,389,041","9,335"
Flaca Vul,Cavult Metropolis,"281,239","49,836,821","29,653"
Florentia,Montcharmin,"325,000","26,223,000","10,666"
Gaellicia,Penzance,"269,300","28,542,321","10,000"
Galahinda,Cascadia,"17,338","9,517,000",{{No|N/A}}
Galicia,Porto D'Galo,"75,764","18,344,760","33,797"
Gallambria,Bromwich,"506,052","57,990,240","49,927"
Garindina,Parsa,"366,296","9,958,401","18,700"
Giokto,Saipuo,"31,514","10,278,427","30,600"
Girkmand,Girk,"72,444","6,200,000","41,936"
Goankok,Sisimto,"33,586","13,646,233","8,452"
Great Anglia,Godstone,"242,495","109,734,597","38,580"
Great Mèdia,Mèdopolis  ,"399,550","23,136,456","15,123"
Helsium,Xarsetti,"249,355","14,700,000","48,780"
Hexanesa,Gournaion,"72,790","216,510","5,065"
Ide Jima,Darhan,"930,939","152,400,000","13,687"
Ionio,San Foca,"314,212","26,768,932","17,769"
Iverica,Intreimor,"242,744","59,651,396","49,890"
Iwenland,Zestrathaven,"2,113","1,200,000","17,000"
Kalnija,Grobija,"53,831","3,231,421","14,777"
Kirvina,Achilleia,"40,040","34,390,000","25,788"
Kíziáuke,Pachetan,"222,000","48,132,950","39,916"
Kolhar,Vakor,"239,930","39,534,000","14,932"
Kōri-Chi,Dākuōku,"312,187","40,000,000","5,400"
Kotowari,Kotowari City,"625,596","52,860,000",{{No|N/A}}
Lenelia,Font,"458,333","47,050,034","27,331"
Llalta,Saint Christopher,"3,076","3,136","37,628"
Luterna,Valiennes,"220,604","22,560,000","17,800"
Lysia,Couer,"466,895","20,372,959","19,347"
Manamana,Manaca City,"339,988","361,225","20,092"
Marchyydion,Caer Marchion,"429,546","13,000,000","19,000"
Mekabiri,Piri,"522,586","9,149,522","12,859"
Miiros,Orthen,"580,392","5,750,000","59,362"
Mikochi,Umikyo,"76,017","25,287,241","28,779"
Mitō,Kenkyō,"59,355","9,723,000","44,829"
Nanto,Sawi,"12,612","1,174,985","8,453"
Narva,Mannarsto,"139,886","8,900,435","25,841"
Neusrya,Zhaber,"135,418","43,000,000","17,435"
Niederoestereich,Ranke,"295,393","14,906,117","59,178"
Orioni,O'polis,"1,155,853","147,478,008","46,131"
Pentium,Whedon's Row,"87,500","95,456,345","21,220"
Poja,Rugi,"340,090","25,813,303","18,360"
Prymont,New Halsham,"267,100","12,011,000","59,772"
Qubdi,Taqdir,"587,062","203,412,021","7,325"
Ralzawr,Yiywa,"871,928","12,815,308","48,800"
Red Iberos,Porto Premia,"839,087","26,000,000","22,957"
Rhodellia,Friedrichstadt,"89,200","10,000,000","45,000"
Rohini,Vali,"13,713","1,691,876",{{No|N/A}}
Sa Ma Khom,Ha Ninh,"446,926","13,000,000","14,000"
Sahra,Ra,"846,377","20,000,000","10,000"
Salvia,Deopolis,"389,451","23,001,900","38,910"
San Giorgio,Sabato,"7,975","3,046,546",{{No|N/A}}
San Jorge,Santa Isabel,"10,584","2,328,572",{{No|N/A}}
Sokhanistan,Valakilea,"528,980","46,537,935",{{No|N/A}}
Sporsia,Ganris,"274,520","45,130,102",{{No|N/A}}
Stedoria,Kapojvar,"296,300","18,727,052","14,399"
Suminto,Sumen Batuk,"345,000","60,000,000","12,800"
Sunseong,Wonchon,"182,292","23,660,000","19,369"
Sunset Sea Islands,Sunset City,"790,000","68,870,000","15,000"
Suverina,Chişinău,"891,853","111,815,000","23,767"
Tabaristan,Saari,"49,118","15,984,105","21,000"
Tagmatium,Tagmatika,"1,023,597","253,491,524","21,595"
Tamurin,Alaghon,"560,523","80,193,963","37,274"
Tavok,Tyyrik,"248,153","48,000,000","39,500"
Variota,Ferrefaaierhafen,"391,765","41,910,000","37,914"
Vasqqa,Vilvau,"85,111","12,129,800","17,230"
Velaheria,Bastaria,"313,331","30,403,490","2,600"
Verraine,Terre Littoral,"329,176","21,072,594","19,571"
Volhynia,Prykarpattia,"229,900","16,450,000","20,000"
Volsci,Antium,"1,099,762","146,520,000","9,001"
Vosarkia,Ṡarsmēra,"320,199","12,315,438","26,916"
Welkija,Nowa Huta,"650,602","14,263,654","14,126"
West Anglia,Plough,"620,828","27,354,000","31,880"
Yien,Wëngabiook,"380,079","6,220,000",{{No|N/A}}
Ymutz-Mizlan,Ferrescan,"645,100","30,203,486","7,000"
Yuropa,Centridge City,"569,161","61,600,000","4,545"
Zekistan,Manzarabad,"122,176","12,000,000","8,000"
Zuydland,Fort Leeuwendael,"245,000","22,400,000","18,600"
