Sheet row,Country,Capital,Area (km2),Population,GDPPC
2,Abantium,Inhlokodolobha,213180,62000000,{{No|N/A}}
3,Adaptus,Novumcastrum,1326602,224540000,30527
4,Afropa,Dieudonné,413741.14,15300000,6195
5,Ahrana,Moskovo,545650.22,65900959,5000
6,Aldace,Sotheris,411365,22374652,12564
7,Alvernia,Soncinia,165016,9234678,15613
8,Andalla,Arkhavn,72931,28036248,23143
9,Arneland,Port Pinella,253169.66999999998,33535102,18341
10,Aurora (Eurth),Tavares,42346,14650803,49956
11,Ayubi,Alhafa,53751,1303569,68457
12,Bainbridge Islands,Honolulu,309612.91,18900000,48033
13,Baltica,Goja,274628.61,14800312,11213
14,Bashan,En Gannim,239200,8146286,24539
15,Burkini,Cronulla,1007.1,55786,{{No|N/A}}
16,Centennia Cardina,Verrone,430708,24540621,13000
17,Charkov,Kovchi,419517.31,22370000,14407
18,Cherkessk,Zexkhe,499350.61,22500000,38500
19,Cristina,Cristina,1221,7453682,47306
20,Damak Var,Avantine,529088.75,15500000,5120
21,Deltannia,Delta,241838,5220000,12500
22,Denawar,Nanggan,171448.23,21546774,23700
23,Dniester,Minsk,207600,40203000,{{No|N/A}}
24,Dolchland,Schlammburg,328950,29283179,9903
25,Duchy of Verde,Porto Verde,23262,10009200,47955.88
26,Ealis,Lysina,285661,21085626,34000
27,Eemsmerschen,Brüggedörp,670000,27833019,17800
28,Eidolmanta,Taraxippus,279686.79,35382902,10409
29,Erisoria,Kaleendamen,248184,34863517,29500
30,Esonice,Maimedo,354835,33753193,38312
31,Euandria,Charpesiciun,125665,23389041,9335
32,Flaca Vul,Cavult Metropolis,281238.97,49836821,29653
33,Florentia,Montcharmin,325000,26223000,10666
34,Gaellicia,Penzance,269300,28542321,10000
35,Galahinda,Cascadia,17338.17,9517000,{{No|N/A}}
36,Galicia,Porto D'Galo,75764,18344760,33797
37,Gallambria,Bromwich,506052,57990240,49927
38,Garindina,Parsa,366296,9958401,18700
39,Giokto,Saipuo,31514.02,10278427,30600
40,Girkmand,Girk,72444.23,6200000,41936
41,Goankok,Sisimto,33585.92,13646233,8452
42,Great Anglia,Godstone,242495,109734597,38580
43,Great Mèdia,Mèdopolis  ,399550,23136456,15123
44,Helsium,Xarsetti,249355,14700000,48780
45,Hexanesa,Gournaion,72789.65999999999,216510,5065
46,Ide Jima,Darhan,930939,152400000,13687
47,Ionio,San Foca,314212,26768932,17769
48,Iverica,Intreimor,242744,59651396,49890
49,Iwenland,Zestrathaven,2112.63,1200000,17000
50,Kalnija,Grobija,53830.95,3231421,14777
51,Kirvina,Achilleia,40040.06,34390000,25788
52,Kíziáuke,Pachetan,222000,48132950,39916
53,Kolhar,Vakor,239930,39534000,14932
54,Kōri-Chi,Dākuōku,312187.24,40000000,5400
55,Kotowari,Kotowari City,625596,52860000,{{No|N/A}}
56,Llalta,Saint Christopher,3076,3136,37628
57,Luterna,Valiennes,220604.34,22560000,17800
58,Lysia,Couer,466895,20372959,19347.07
59,Manamana,Manaca City,339988.16,18361225,20092
60,Marchyydion,Caer Marchion,429545.88,13000000,19000
61,Mejilia,Font,458333,47050034,27331
62,Mekabiri,Piri,522586,9149522,12859
63,Miiros,Orthen,580392.38,5750000,59362
64,Mikochi,Umikyo,76017,25287241,28779
65,Mitō,Kenkyō,59355,9723000,44829
66,Nanto,Sawi,12612,1174985,8453
67,Narva,Mannarsto,139886,8900435,25841
68,Neusrya,Zhaber,135418,43000000,17435
69,Niederoestereich,Ranke,295392.95,14906117,59178
70,Orioni,O'polis,1155853,147478008,46131
71,Pentium,Whedon's Row,87500,95456345,21220
72,Poja,Rugi,340090,25813303,18360
73,Prymont,New Halsham,267099.61,12011000,59772
74,Qubdi,Taqdir,587062,203412021,7325
75,Ralzawr,Yiywa,871928.11,12815308,48800
76,Red Iberos,Porto Premia,839086.55,26000000,22957
77,Rhodellia,Friedrichstadt,89200,10000000,45000
78,Rohini,Vali,13713,1691876,{{No|N/A}}
79,Sa Ma Khom,Ha Ninh,446926,13000000,14000
80,Sahra,Ra,846377,20000000,10000
81,Salvia,Deopolis,389451,23001900,38910
82,San Giorgio,Sabato,7975.25,3046546,{{No|N/A}}
83,San Jorge,Santa Isabel,10584.42,2328572,{{No|N/A}}
84,Sokhanistan,Valakilea,528980,46537935,{{No|N/A}}
85,Sporsia,Ganris,274520,45130102,{{No|N/A}}
86,Stedoria,Kapojvar,296300,18727052,14399
87,Suminto,Sumen Batuk,345000,60000000,12800
88,Sunseong,Wonchon,182292,23660000,19369
89,Sunset Sea Islands,Sunset City,790000,68870000,15000
90,Suverina,Chişinău,891853,111815000,23767
91,Tabaristan,Saari,49117.91,15984105,21000
92,Tagmatium,Tagmatika,1023597,253491524,21595
93,Tamurin,Alaghon,560523,80193963,37274
94,Tavok,Tyyrik,248153,48000000,39500
95,Variota,Ferrefaaierhafen,391765,41910000,37914
96,Vasqqa,Vilvau,85111,12129800,17230
97,Velaheria,Bastaria,313330.72,30403490,2600
98,Verraine,Terre Littoral,329176,21072594,19571
99,Volhynia,Prykarpattia,229900,16450000,20000
100,Volsci,Antium,1099762,146520000,9001
101,Vosarkia,Ṡarsmēra,320198.58,12315438,26916
102,Welkija,Nowa Huta,650602,14263654,14126
103,West Anglia,Plough,620827.86,27354000,31879.5
104,Yien,Wëngabiook,380079.06,6220000,{{No|N/A}}
105,Ymutz-Mizlan,Ferrescan,645100,30203486,7000
106,Yuropa,Centridge City,569161,61600000,4545
107,Zekistan,Manzarabad,122176.09,12000000,8000
108,Zuydland,Fort Leeuwendael,245000,22400000,18600
